RELIANCE,INE002A01018
HDFCBANK,INE040A01034
BHARTIARTL,INE397D01024
TCS,INE467B01029
ICICIBANK,INE090A01021
SBIN,INE062A01020
INFY,INE009A01021
BAJFINANCE,INE296A01032
HINDUNILVR,INE030A01027
LICI,INE0J1Y01017
LT,INE018A01030
ITC,INE154A01025
MARUTI,INE585B01010
M&M,INE101A01026
HCLTECH,INE860A01027
KOTAKBANK,INE237A01036
SUNPHARMA,INE044A01036
AXISBANK,INE238A01034
ULTRACEMCO,INE481G01011
BAJAJFINSV,INE918I01026
TITAN,INE280A01028
NTPC,INE733E01010
HAL,INE066F01020
ADANIPORTS,INE742F01042
ONGC,INE213A01029
ETERNAL,INE758T01015
BEL,INE263A01024
ADANIENT,INE423A01024
DMART,INE192R01011
JSWSTEEL,INE019A01038
ADANIPOWER,INE814H01029
WIPRO,INE075A01022
POWERGRID,INE752E01010
ASIANPAINT,INE021A01026
BAJAJ-AUTO,INE917I01010
COALINDIA,INE522F01014
NESTLEIND,INE239A01024
INDIGO,INE646L01027
IOC,INE242A01010
TATASTEEL,INE081A01020
TMPV,INE155A01022
HINDZINC,INE267A01025
JIOFIN,INE758E01017
HYUNDAI,INE0V6F01027
GRASIM,INE047A01021
SBILIFE,INE123W01016
VEDL,INE205A01025
DLF,INE271C01023
EICHERMOT,INE066A01021
TRENT,INE849A01020
HINDALCO,INE038A01020
DIVISLAB,INE361B01024
HDFCLIFE,INE795G01014
IRFC,INE053F01010
ADANIGREEN,INE364U01010
VBL,INE200M01039
TVSMOTOR,INE494B01023
PIDILITIND,INE318A01026
BPCL,INE029A01011
TECHM,INE669C01036
BAJAJHLDNG,INE118A01012
BRITANNIA,INE216A01030
AMBUJACEM,INE079A01024
TATACAP,INE976I01016
BANKBARODA,INE028A01039
CHOLAFIN,INE121A01024
SHRIRAMFIN,INE721A01047
TMCV,INE1TAE01010
PNB,INE160A01022
ICICIAMC,INE346A01027
PFC,INE134E01011
SOLARINDS,INE343H01029
MUTHOOTFIN,INE414G01012
TATAPOWER,INE245A01021
CIPLA,INE059A01026
TORNTPHARM,INE685A01028
GODREJCP,INE102D01028
LODHA,INE670K01029
HDFCAMC,INE127D01025
GAIL,INE129A01019
CANBK,INE476A01022
MAXHEALTH,INE027H01010
ENRIN,INE1NPP01017
SIEMENS,INE003A01024
MAZDOCK,INE249Z01020
BOSCHLTD,INE323A01026
ABB,INE117A01022
MOTHERSON,INE775A01035
CUMMINSIND,INE298A01020
TATACONSUM,INE192A01025
LGEINDIA,INE324D01010
POLYCAB,INE455K01017
CGPOWER,INE067A01029
UNIONBANK,INE692A01016
ADANIENSOL,INE931S01010
APOLLOHOSP,INE437A01024
INDHOTEL,INE053A01029
HEROMOTOCO,INE158A01026
DRREDDY,INE089A01031
SHREECEM,INE070A01015
JINDALSTEL,INE749A01030
IDBI,INE008A01015
SWIGGY,INE00H001014
BSE,INE118H01025
MANKIND,INE634S01028
INDIANB,INE562A01011
INDUSTOWER,INE121J01017
UNITDSPR,INE854D01024
GMRAIRPORT,INE776C01039
RECLTD,INE020B01018
ZYDUSLIFE,INE010B01027
ICICIGI,INE765G01017
GROWW,INE0HOQ01053
DIXON,INE935N01020
IDEA,INE669E01016
HAVELLS,INE176B01034
MARICO,INE196A01026
HINDPETRO,INE094A01015
WAAREEENER,INE377N01017
BAJAJHFL,INE377Y01014
DABUR,INE016A01026
LUPIN,INE326A01037
JSWENERGY,INE121E01018
ICICIPRULI,INE726G01019
PERSISTENT,INE262H01021
BHARTIHEXA,INE343G01021
NAUKRI,INE663F01032
SRF,INE647A01010
BHEL,INE257A01026
POWERINDIA,INE07Y701011
MEESHO,INE0VDM01015
NTPCGREEN,INE0ONG01011
NHPC,INE848E01016
POLICYBZR,INE417T01026
SBICARD,INE018E01016
ASHOKLEY,INE208A01029
SUZLON,INE040H01021
ABCAPITAL,INE674K01013
PAYTM,INE982J01020
IOB,INE565A01014
OFSS,INE881D01027
LENSKART,INE956O01016
GVT&D,INE200A01026
RVNL,INE415G01027
PRESTIGE,INE811K01011
LLOYDSME,INE281B01032
UNOMINDA,INE405E01023
FORTIS,INE061F01013
NYKAA,INE388Y01029
OIL,INE274J01014
ATGL,INE399L01023
COROMANDEL,INE169A01031
GICRE,INE481Y01014
YESBANK,INE528G01035
VMM,INE01EA01019
TORNTPOWER,INE813H01021
AUROPHARMA,INE406A01037
NMDC,INE584A01023
ALKEM,INE540L01014
BERGEPAINT,INE463A01038
MRF,INE883A01011
PATANJALI,INE619A01035
GODREJPROP,INE484J01027
HDBFS,INE756I01012
LTF,INE498L01015
JSWINFRA,INE880J01026
SCHAEFFLER,INE513A01022
INDUSINDBK,INE095A01012
JSL,INE220G01021
AUBANK,INE949L01017
COLPAL,INE259A01022
OBEROIRLTY,INE093I01010
BHARATFORG,INE465A01025
FACT,INE188A01015
COFORGE,INE591G01025
PHOENIXLTD,INE211B01039
BANKINDIA,INE084A01016
TIINDIA,INE974X01010
IRCTC,INE335Y01020
BDL,INE171Z01026
UPL,INE628A01036
IDFCFIRSTB,INE092T01019
PIIND,INE603J01030
MOTILALOFS,INE338I01027
GLENMARK,INE935A01035
MFSL,INE180A01020
SAIL,INE114A01011
FEDERALBNK,INE171A01029
NAM-INDIA,INE298J01013
MPHASIS,INE356A01018
KALYANKJIL,INE303R01014
LINDEINDIA,INE473A01011
SUNDARMFIN,INE660A01013
SUPREMEIND,INE195A01028
BIOCON,INE376G01013
TATACOMM,INE151A01013
LAURUSLABS,INE947Q01028
AIIL,INE206F01022
GODFRYPHLP,INE260B01028
JKCEMENT,INE823G01014
UBL,INE686F01025
APLAPOLLO,INE702C01027
PAGEIND,INE761H01022
GLAXO,INE159A01016
BALKRISIND,INE787D01026
ITCHOTELS,INE379A01028
COCHINSHIP,INE704P01025
PREMIERENE,INE0BS701011
HEXT,INE093A01041
LTTS,INE010V01017
VOLTAS,INE226A01021
HUDCO,INE031A01017
360ONE,INE466L01038
MAHABANK,INE457A01014
PGHH,INE179A01014
PETRONET,INE347G01014
IREDA,INE202E01016
ANTHEM,INE0CZ201020
CONCOR,INE111A01025
M&MFIN,INE774D01024
NATIONALUM,INE139A01034
DALBHARAT,INE00R701025
JUBLFOOD,INE797F01020
ESCORTS,INE042A01014
RADICO,INE944F01028
KAYNES,INE918Z01012
FLUOROCHEM,INE09N301011
ENDURANCE,INE913H01037
KEI,INE878B01027
ASTRAL,INE006I01046
THERMAX,INE152A01029
PWL,INE0LP301011
UCOBANK,INE691A01018
BLUESTARCO,INE472A01039
NH,INE410P01011
TATAINVEST,INE672A01026
GODREJIND,INE233A01035
POONAWALLA,INE511C01022
CRISIL,INE007A01025
KPRMILL,INE930H01031
CHOLAHLDNG,INE149A01033
3MINDIA,INE470A01017
IPCALAB,INE571A01038
PIRAMALFIN,INE202B01038
APARINDS,INE372A01015
SJVN,INE002L01015
MEDANTA,INE474Q01031
ACC,INE012A01025
TATAELXSI,INE670A01012
NLCINDIA,INE589A01014
AWL,INE699H01024
CENTRALBK,INE483A01010
KPITTECH,INE04I401011
CDSL,INE736A01011
DELHIVERY,INE148O01028
ASTERDM,INE914M01019
EXIDEIND,INE302A01020
GODIGIT,INE03JT01014
HONAUT,INE671A01010
AJANTPHARM,INE031B01049
METROBRAND,INE317I01021
AIAENG,INE212H01026
COHANCE,INE03QK01018
LICHSGFIN,INE115A01026
GILLETTE,INE322A01010
GLAND,INE068V01023
APOLLOTYRE,INE438A01022
NIACL,INE470Y01017
NBCC,INE095N01031
ITI,INE248A01017
HINDCOPPER,INE531E01026
GRSE,INE382Z01011
MSUMI,INE0FS801015
IGL,INE203G01027
SONACOMS,INE073K01018
AEGISVOPAK,INE0INX01018
KIMS,INE967H01025
TATATECH,INE142M01025
PINELABS,INE15B701018
IKS,INE115Q01022
STARHEALTH,INE575P01011
JBCHEPHARM,INE572A01036
TVSHLTD,INE105A01035
IRB,INE821I01022
SUMICHEM,INE258G01013
AFFLE,INE00WC01027
AEGISLOG,INE208C01025
NAVINFLUOR,INE048G01026
SYNGENE,INE398R01022
BANDHANBNK,INE545U01014
EMCURE,INE168P01015
LALPATHLAB,INE600L01024
AMBER,INE371P01015
PPLPHARMA,INE0DK501011
ZFCVINDIA,INE342J01019
NUVAMA,INE531F01023
MRPL,INE103A01014
RAMCOCEM,INE331A01037
SHYAMMETL,INE810G01011
FSL,INE684F01012
EMAMILTD,INE548C01032
DEEPAKNTR,INE288B01029
INOXWIND,INE066P01011
EIHOTEL,INE230A01023
WOCKPHARMA,INE049B01025
PTCIL,INE596F01018
PFIZER,INE182A01018
ANANDRATHI,INE463V01026
KIOCL,INE880L01014
MANAPPURAM,INE522D01027
PNBHOUSING,INE572E01012
BRIGADE,INE791I01019
ABSLAMC,INE404A01024
TIMKEN,INE325A01013
HSCL,INE019C01026
FORCEMOT,INE451A01017
WELCORP,INE191B01025
ANGELONE,INE732I01021
TATACHEM,INE092A01019
ASAHIINDIA,INE439A01020
ASTRAZEN,INE203A01020
ERIS,INE406M01024
CESC,INE486A01021
HBLENGINE,INE292B01021
SUNTV,INE424H01027
KARURVYSYA,INE036D01028
SAGILITY,INE0W2G01015
JYOTICNC,INE980O01024
KEC,INE389H01022
AADHARHFC,INE883F01010
IIFL,INE530B01024
REDINGTON,INE891D01026
HATSUN,INE473B01035
CREDITACC,INE741K01010
URBANCO,INE0CAZ01013
JSWHL,INE824G01012
PSB,INE608A01012
ONESOURCE,INE013P01021
KPIL,INE220B01022
ATHERENERG,INE0LEZ01016
SUNDRMFAST,INE387A01021
ABREL,INE055A01016
OLAELEC,INE0LXG01040
CHALET,INE427F01016
CHAMBLFERT,INE085A01013
ANANTRAJ,INE242C01024
ECLERX,INE738I01010
CASTROLIND,INE172A01027
SCHNEIDER,INE839M01018
POLYMED,INE205C01021
DCMSHRIRAM,INE499A01024
BASF,INE373A01013
TENNIND,INE19RI01016
KANSAINER,INE531A01024
DEVYANI,INE872J01023
NEULANDLAB,INE794A01010
CROMPTON,INE299U01018
EIDPARRY,INE126A01031
CAMS,INE596I01020
KFINTECH,INE138Y01010
RPOWER,INE614G01033
BIKAJI,INE00E101023
KAJARIACER,INE217B01036
ATUL,INE100A01010
SARDAEN,INE385C01021
APLLTD,INE901L01018
DEEPAKFERT,INE501A01019
FIRSTCRY,INE02RE01045
JSWCEMENT,INE718I01012
SAILIFE,INE570L01029
CGCL,INE180C01042
ARE&M,INE885A01032
GRINDWELL,INE536A01023
VINATIORGA,INE410B01037
SKFINDIA,INE640A01023
MAHSCOOTER,INE288A01013
JUBLPHARMA,INE700A01033
ZENSARTECH,INE520A01027
FIVESTAR,INE128S01021
TRITURBINE,INE152M01016
CARBORUNIV,INE120A01034
RBLBANK,INE976G01028
RATNAMANI,INE703B01027
PGEL,INE457L01029
VENTIVE,INE781S01027
NAVA,INE725A01030
CUB,INE491A01021
CENTURYPLY,INE348B01021
BEML,INE258A01024
MANYAVAR,INE825V01034
ABLBL,INE14LE01019
NETWEB,INE0NT901020
TBOTEK,INE673O01025
CONCORDBIO,INE338H01029
TRAVELFOOD,INE103V01028
CPPLUS,INE819V01029
UTIAMC,INE094J01016
SOBHA,INE671H01015
LMW,INE269B01029
ACMESOLAR,INE622W01025
IRCON,INE962Y01021
GABRIEL,INE524A01029
GMDCLTD,INE131A01031
CRAFTSMAN,INE00LO01017
ELGIEQUIP,INE285A01027
NATCOPHARM,INE987B01026
CHOICEIN,INE102B01014
VGUARD,INE951I01027
APTUS,INE852O01025
SIGNATURE,INE903U01023
CIEINDIA,INE536H01010
TECHNOE,INE285K01026
WHIRLPOOL,INE716A01013
JMFINANCIL,INE780C01023
GPIL,INE177H01039
AFCONS,INE101I01011
ABDL,INE552Z01027
CAPLIPOINT,INE475E01026
DATAPATTNS,INE0IX101010
IGIL,INE0Q9301021
DOMS,INE321T01012
LTFOODS,INE818H01020
KIRLOSBROS,INE732A01036
AGARWALEYE,INE943P01029
JBMA,INE927D01051
RRKABEL,INE777K01022
GALLANTT,INE297H01019
IFCI,INE039A01010
NIVABUPA,INE995S01015
INDIAMART,INE933S01016
GESHIP,INE017A01032
PARADEEP,INE088F01024
CEATLTD,INE482A01020
TRIDENT,INE064C01022
RAINBOW,INE961O01016
INTELLECT,INE306R01017
SYRMA,INE0DYJ01015
FINEORG,INE686Y01026
NUVOCO,INE118D01016
BATAINDIA,INE176A01028
SWANCORP,INE665A01038
KIRLOSENG,INE146L01010
BLS,INE153T01027
AARTIIND,INE769A01020
THELEELA,INE0AQ201015
EMMVEE,INE1C6T01020
SPLPETRO,INE663A01033
BLUEDART,INE233B01017
ZYDUSWELL,INE768C01028
KSB,INE999A01023
PCBL,INE602A01031
JWL,INE209L01016
CEMPRO,INE686A01026
ZENTEC,INE251B01027
JAINREC,INE0YD401026
GODREJAGRO,INE850D01014
IEX,INE022Q01020
BBTC,INE050A01025
CYIENT,INE136B01020
INDGN,INE065X01017
AAVAS,INE216P01012
MINDACORP,INE842C01021
BELRISE,INE894V01022
CELLO,INE0LMW01024
JPPOWER,INE351F01018
TARIL,INE763I01026
NEWGEN,INE619B01017
ANURAS,INE930P01018
GRANULES,INE101D01020
GRAVITA,INE024L01027
HOMEFIRST,INE481N01025
MGL,INE002S01010
USHAMART,INE228A01035
LEMONTREE,INE970X01018
TEGA,INE011K01018
VTL,INE825A01020
NCC,INE868B01028
FINCABLES,INE235A01022
SKFINDUS,INE2J8701016
ACE,INE731H01025
ELECON,INE205B01031
EMBDL,INE069I01010
JINDALSAW,INE324A01032
WELSPUNLIV,INE192B01031
NSLNISP,INE0NNS01018
ACUTAAS,INE00FF01025
RITES,INE320J01015
CCL,INE421D01022
FINPIPE,INE183A01024
SAMMAANCAP,INE148I01020
INGERRAND,INE177A01018
INDIACEM,INE383A01012
BLUEJET,INE0KBH01020
CARTRADE,INE290S01011
CHENNPETRO,INE178A01016
TSFINV,INE202Z01029
SBFC,INE423Y01016
CANHLIFE,INE01TY01017
RAILTEL,INE0DD101019
CLEAN,INE227W01023
TITAGARH,INE615H01020
JYOTHYLAB,INE668F01031
SHRIPISTON,INE526E01018
ALIVUS,INE03Q201024
ENGINERSIN,INE510A01028
J&KBANK,INE168A01041
OLECTRA,INE260D01016
GRINFRA,INE201P01022
JUBLINGREA,INE0BY001018
SANOFI,INE058A01010
SANOFICONR,INE0UOS01011
EUREKAFORB,INE0KCE01017
WAAREERTL,INE299N01021
RELAXO,INE131B01039
PRUDENT,INE00F201020
VIKRAMSOLR,INE078V01014
TTML,INE517B01013
CANFINHOME,INE477A01020
BSOFT,INE836A01035
GRAPHITE,INE371A01025
JKTYRE,INE573A01042
BLACKBUCK,INE0UIZ01018
ZEEL,INE256A01028
SAFARI,INE429E01023
INOXINDIA,INE616N01034
HFCL,INE548A01028
RUBICON,INE506V01022
PVRINOX,INE191H01014
SCI,INE109A01011
JKLAKSHMI,INE786A01032
VIJAYA,INE043W01024
PRIVISCL,INE959A01019
SONATSOFTW,INE269A01021
AETHER,INE0BWX01014
AZAD,INE02IJ01035
EDELWEISS,INE532F01054
NAZARA,INE418L01047
METROPOLIS,INE112L01020
IXIGO,INE0HV901016
BALRAMCHIN,INE119A01028
VESUVIUS,INE386A01023
WESTLIFE,INE274F01020
RKFORGE,INE399G01023
STARCEMENT,INE460H01021
GENUSPOWER,INE955D01029
RELINFRA,
HEG,INE545A01024
PGHL,INE199A01012
ALKYLAMINE,INE150B01039
TEJASNET,INE010J01012
SHAILY,INE151G01028
TIMETECHNO,INE508G01029
BANCOINDIA,INE213C01025
AVANTIFEED,INE871C01038
IIFLCAPS,INE489L01022
ASKAUTOLTD,INE491J01022
MEDPLUS,INE804L01022
SHAKTIPUMP,INE908D01010
ABFRL,INE647O01011
MMTC,INE123F01029
SUDARSCHEM,INE659A01023
RHIM,INE743M01012
AEQUS,INE947N01017
JLHL,INE682M01012
INDIASHLTR,INE922K01024
ASTRAMICRO,INE386C01029
TDPOWERSYS,INE419M01027
KPIGREEN,INE542W01025
TRANSRAILL,INE454P01035
BIRLACORPN,INE340A01012
SAPPHIRE,INE806T01020
MAPMYINDIA,INE0BV301023
UJJIVANSFB,INE551W01018
HCG,INE075I01017
NESCO,INE317F01035
HAPPYFORGE,INE330T01021
HONASA,INE0J5401028
KRBL,INE001B01026
VARROC,INE665L01035
SANSERA,INE953O01021
LATENTVIEW,INE0I7C01011
BLUESTONE,INE304W01038
WABAG,INE956G01038
LLOYDSENT,INE080I01025
TI,INE133E01013
ALOKINDS,INE270A01029
SANDUMA,INE149K01016
TTKPRESTIG,INE690A01028
DBREALTY,INE879I01012
MARKSANS,INE750C01026
TCI,INE688A01022
BBOX,INE676A01027
POWERMECH,INE211R01019
ORKLAINDIA,INE16NZ01023
SOUTHBANK,INE683A01023
LOTUSDEV,INE0V9Q01010
JAIBALAJI,INE091G01026
SAREGAMA,INE979A01025
JSLL,INE0J5801029
PCJEWELLER,INE785M01021
LUMAXTECH,INE872H01027
CORONA,INE02ZQ01018
TANLA,INE483C01032
MANORAMA,INE00VM01036
ARVIND,INE034A01011
APOLLO,INE713T01028
PNGJL,INE953R01016
MAHSEAMLES,INE271B01025
HAPPSTMNDS,INE419U01012
CAMPUS,INE278Y01022
RELIGARE,INE621H01010
GMRP&UI,INE0CU601026
BECTORFOOD,INE495P01020
WEWORK,INE085001019
RCF,INE027A01015
ESABINDIA,INE284A01012
VOLTAMP,INE540H01012
STAR,INE939A01011
GALAXYSURF,INE600K01018
MAHLIFE,INE813A01018
GPPL,INE517F01014
SHARDACROP,INE221J01015
OSWALPUMPS,INE0BYP01024
DODLA,INE021O01019
NETWORK18,INE870H01013
DIACABS,INE989C01038
GRWRHITECH,INE291A01017
CERA,INE739E01017
KIRLPNU,INE811A01020
BORORENEW,INE666D01022
KALPATARU,INE227J01012
TRIVENI,INE256C01024
GSFC,INE026A01025
GARFIBRES,INE276A01018
ACI,INE128X01021
SHILPAMED,INE790G01031
DBL,INE917M01012
MAXESTATES,INE03EI01018
THOMASCOOK,INE332A01027
SUDEEPPHRM,INE0QPI01025
AARTIPHARM,INE0LRU01027
GNFC,INE113A01013
THANGAMAYL,INE085J01014
PRSMJOHNSN,INE010A01011
RUSTOMJEE,INE263M01029
AKUMS,INE09XN01023
AJAXENGG,INE274Y01021
ETHOSLTD,INE04TZ01018
PNCINFRA,INE195J01029
FDC,INE258B01022
LLOYDSENGG,INE093R01011
REDTAPE,INE0LXT01019
TMB,INE668A01016
TIPSMUSIC,INE716B01029
ATLANTAELE,INE0Z4F01028
EPIGRAL,INE071N01016
INOXGREEN,INE510W01014
SFL,INE916U01025
V2RETAIL,INE945H01021
MASTEK,INE759A01021
BALUFORGE,INE011E01029
MOIL,INE490G01020
GANESHHOU,INE460C01014
RTNINDIA,INE834M01019
PFOCUS,INE367G01038
WELENT,INE625G01013
RAYMONDLSL,INE02ID01020
ISGEC,INE858B01029
PRAJIND,INE074A01025
RATEGAIN,INE0CLI01024
MIDHANI,INE099Z01011
KTKBANK,INE614B01018
YATHARTH,INE0JO301016
CSBBANK,INE679A01013
EPL,INE255A01020
AURIONPRO,INE132H01018
JUSTDIAL,INE599M01018
MHRIL,INE998I01010
THYROCARE,INE594H01019
ARVINDFASN,INE955V01021
EQUITASBNK,INE063P01018
ELLEN,INE236E01022
CMSINFO,INE925R01014
PGIL,INE940H01022
DHANUKA,INE435G01025
SYMPHONY,INE225D01027
QPOWER,INE0SII01026
CUPID,INE509F01029
AHLUCONT,INE758C01029
IFBIND,INE559A01017
BAJAJELEC,INE193E01025
PARKHOSPS,INE119201023
JKPAPER,INE789E01012
PRICOLLTD,INE726V01018
AVALON,INE0LCL01028
SURYAROSNI,INE335A01020
HNDFDS,INE254N01026
PURVA,INE323I01011
UTLSOLAR,INE12UR01024
AVL,INE679V01027
RTNPOWER,INE399K01017
RENUKA,INE087H01022
GREENLAM,INE544R01021
SUPRAJIT,INE399C01030
JAYNECOIND,INE854B01010
VMART,INE665J01013
IONEXCHANG,INE570A01022
SUNTECK,INE805D01034
JUNIPER,INE696F01016
WAKEFIT,INE0E7301029
HGINFRA,INE926X01010
ICRA,INE725G01011
SUBROS,INE287B01021
AXISCADES,INE555B01013
CRAMC,INE218I01013
RALLIS,INE613A01020
GOKEX,INE887G01027
MTARTECH,INE864I01014
GULFOILLUB,INE635Q01029
CHEMPLASTS,INE488A01050
ASHAPURMIN,INE348A01023
SWSOLAR,INE00M201021
SHARDAMOTR,INE597I01028
PICCADIL,INE546C01010
INDIAGLYCO,INE560A01023
MANINFRA,INE949H01023
VIPIND,INE054A01027
ELECTCAST,INE086A01029
TIIL,INE545H01011
PILANIINVS,INE417C01014
SMARTWORKS,INE0NAZ01010
IMFA,INE919H01018
SUPRIYA,INE07RO01027
PARAS,INE045601023
GHCL,INE539A01019
SAATVIKGL,INE13B501022
EMUDHRA,INE01QM01018
MASFIN,INE348L01012
TEXRAIL,INE621L01012
SKIPPER,INE439E01022
STLTECH,INE089C01029
SENCO,INE602W01027
FISCHER,INE771F01041
STYL,INE04VU01023
KSCL,INE455I01029
ICIL,INE483B01026
SHOPERSTOP,INE498B01024
INDIGOPNTS,INE09VQ01012
FIEMIND,INE737H01014
TVSSCS,INE395N01027
RESPONIND,INE688D01026
BANSALWIRE,INE0B9K01025
LXCHEM,INE576O01020
CRIZAC,INE0S4R01014
AGI,INE415A01038
CAPILLARY,INE0ILV01024
KNRCON,INE634I01029
UNIMECH,INE0U3I01011
GMMPFAUDLR,INE541A01023
ASHOKA,INE442H01029
DYNAMATECH,INE221B01012
E2E,INE255Z01027
GOKULAGRO,INE314T01033
FEDFINA,INE007N01010
OPTIEMUS,INE350C01017
KINGFA,INE473D01015
KRN,INE0Q3J01015
DATAMATICS,INE365B01017
WEBELSOLAR,INE855C01023
EMIL,INE02YR01019
PTC,INE877F01012
ROUTE,INE450U01017
ITDC,INE353K01014
RSYSTEMS,INE411H01032
ZAGGLE,INE07K301024
GAEL,INE036B01030
SIS,INE285J01028
PDSL,INE111Q01021
SMLMAH,INE294B01019
HCC,INE549A01026
VRLLOG,INE366I01010
ENTERO,INE010601016
SUNFLAG,INE947A01014
SWARAJENG,INE277A01016
JSFB,INE953L01027
JKIL,INE576I01022
CARERATING,INE752H01013
MIDWESTLTD,INE0XAD01024
ANUP,INE294Z01018
GREAVESCOT,INE224A01026
SUVEN,INE495B01038
LGBBROSLTD,INE337A01034
SKYGOLD,INE01IU01018
REFEX,INE056I01025
TARC,INE0EK901012
NIITMTS,INE342G01023
DBCORP,INE950I01011
INNOVACAP,INE0DUT01020
NEPHROPLUS,INE428V01029
BALAMINES,INE050E01027
NACLIND,INE295D01020
DCBBANK,INE503A01015
SJS,INE284S01014
BOSCH-HCIL,INE782A01015
NFL,INE870D01012
SPARC,INE232I01014
INDIQUBE,INE06ST01018
BANARISUG,INE459A01010
SHREEJISPG,INE1B6101010
SHILCTECH,INE024F01011
VSTTILLERS,INE764D01017
INDRAMEDCO,INE681B01017
PACEDIGITK,INE0S3G01027
VSTIND,INE710A01016
RAIN,INE855B01025
SAMHI,INE08U801020
HEIDELBERG,INE578A01017
CEIGALL,INE0AG901020
SGMART,INE385F01024
HERITGFOOD,INE978A01027
STYRENIX,INE189B01011
ORIENTCEM,INE876N01018
AARTIDRUGS,INE767A01016
ORIENTELEC,INE142Z01019
GUJTHEM,INE942C01045
GOPAL,INE0L9R01028
BHARATRAS,INE838B01021
RBA,INE07T201019
LUMAXIND,INE162B01018
ZOTA,INE358U01012
AVANTEL,INE005B01027
EIEL,INE0LLY01014
HUBTOWN,INE703H01016
KITEX,INE602G01020
RAYMONDREL,INE1SY401010
SANATHAN,INE0JPD01013
NORTHARC,INE850M01015
JAMNAAUTO,INE039C01032
GUJALKALI,INE186A01019
DCAL,INE385W01011
AWFIS,INE108V01019
MOSCHIP,INE935B01025
RAMKY,INE874I01013
GOLDIAM,INE025B01025
JTEKTINDIA,INE643A01035
HEMIPROP,INE0AJG01018
63MOONS,INE111B01023
KIRLOSIND,INE250A01039
SHANTIGEAR,INE631A01022
SINDHUTRAD,INE325D01025
BOROLTD,INE02PY01013
MARATHON,INE182D01020
CAMLINFINE,INE052I01032
UFLEX,INE516A01017
VAIBHAVGBL,INE884A01027
UEL,INE899L01030
RPGLIFE,INE105J01010
RAYMOND,INE301A01014
ORCHPHARMA,INE191A01027
LUXIND,INE150G01020
MPSLTD,INE943D01017
MCLOUD,INE613C01026
TRUALT,INE0MWH01014
AJMERA,INE298G01035
GOODLUCK,INE127I01024
VADILALIND,INE694D01016
EBGNG,INE18JU01028
QUESS,INE615P01015
WONDERLA,INE066O01014
GREENPLY,INE461C01038
NEOGEN,INE136S01016
INTERARCH,INE00M901018
PRECWIRE,INE372C01037
KOLTEPATIL,INE094I01018
JINDWORLD,INE247D01039
MBAPL,INE900L01028
ARSSBL,INE549H01021
MEDIASSIST,INE456Z01021
NPST,INE0FFK01017
CENTUM,INE320B01020
HARSHA,INE0JUS01029
GOCOLORS,INE0BJS01011
NSIL,INE023A01030
GKENERGY,INE1AG301022
INDOSTAR,INE896L01010
KSL,INE907A01026
ROLEXRINGS,INE645S01024
ADVENZYMES,INE837H01020
SHAREINDIA,INE932X01026
POCL,INE063E01053
GUFICBIO,INE742B01025
UNICHEMLAB,INE351A01035
MSTCLTD,INE255X01014
ROSSARI,INE02A801020
JUBLCPL,INE03CC01015
CYIENTDLM,INE055S01018
SUNCLAY,INE0Q3R01026
RPEL,INE912T01018
BALMLAWRIE,INE164A01016
ARTEMISMED,INE025R01021
PRINCEPIPE,INE689W01016
JISLJALEQS,INE175A01038
PITTIENG,INE450D01021
FOSECOIND,INE519A01011
DPABHUSHAN,INE266Y01019
SSWL,INE802C01033
BHAGCHEM,INE414D01027
BAJAJCON,INE933K01021
NAVNETEDUL,INE060A01024
INDOTHAI,INE337M01021
GREENPANEL,INE08ZM01014
BBL,INE464A01036
PROTEAN,INE004A01022
VISHNU,INE270I01022
SAMBHV,INE12NJ01018
BOMDYEING,INE032A01023
SWANDEF,INE542F01020
PARAGMILK,INE883N01014
SENORES,INE0RB801010
HLEGLAS,INE461D01028
HIKAL,INE475B01022
FLAIR,INE00Y201027
KIRIINDUS,INE415I01015
KKCL,INE401H01017
MAHLOG,INE766P01016
EPACK,INE0G5901015
ARKADE,INE0QRL01017
PSPPROJECT,INE488V01015
STYLAMIND,INE239C01020
KRISHANA,INE506W01020
PARKHOTELS,INE988S01028
GATEWAY,INE079J01017
PRABHA,INE0I0M01023
IMAGICAA,INE172N01012
JASH,INE039O01029
GLOBUSSPR,INE615I01010
PAISALO,INE420C01059
DDEVPLSTIK,INE0HR601026
PATELENG,INE244B01030
PENIND,INE932A01024
WSTCSTPAPR,INE976A01021
GANECOS,INE845D01014
KDDL,INE291D01011
MAITHANALL,INE683C01011
POLYPLEX,INE633B01018
DEEPINDS,INE0FHS01024
SAGCEM,INE229C01021
SIYSIL,INE076B01028
EUROPRATIK,INE198501012
HPL,INE495S01016
EASEMYTRIP,INE07O001026
ASHIANA,INE365D01021
TCPLPACK,INE822C01015
BRIGHOTEL,INE03NU01014
SANDHAR,INE278H01035
SHK,INE500L01026
TFCILTD,INE305A01023
RAMRAT,INE207E01023
SUNDROP,INE209A01019
EFCIL,INE886D01026
ORISSAMINE,INE725E01024
VEEDOL,INE484C01030
TEAMLEASE,INE985S01024
AGIIL,INE976R01033
NOCIL,INE163A01018
EMSLIMITED,INE0OV601013
PREMEXPLN,INE863B01029
MANINDS,INE993A01026
TIRUMALCHM,INE338A01024
SANGHVIMOV,INE989A01032
FMGOETZE,INE529A01010
SBCL,INE386D01027
FCL,INE045J01034
VIMTALABS,INE579C01029
MUTHOOTMF,INE046W01019
MARINE,INE01JE01028
ARVSMART,INE034S01021
DALMIASUG,INE495A01022
KPEL,INE127T01021
GIPCL,INE162A01010
PRAKASH,INE603A01013
RPSGVENT,INE425Y01011
BCG,INE425B01027
TATVA,INE0GK401011
IOLCP,INE485C01029
BAJAJHIND,INE306A01021
BFUTILITIE,INE243D01012
RAMCOIND,INE614A01028
TVSSRICHAK,INE421C01016
EPACKPEB,INE0MLS01022
POKARNA,INE637C01025
JTLIND,INE391J01032
EVEREADY,INE128A01029
CARRARO,INE0V7W01012
NRBBEARING,INE349A01021
HONDAPOWER,INE634A01018
SAKSOFT,INE667G01023
MOREPENLAB,INE083A01026
HIRECT,INE835D01023
VENUSPIPES,INE0JA001018
SOTL,INE035D01020
ALLCARGO,INE418H01029
MTNL,INE153A01019
RELTD,INE206N01018
ALEMBICLTD,INE426A01027
DIGITIDE,INE0U4701011
UTKARSHBNK,INE735W01017
NUCLEUS,INE096B01018
SERVOTECH,INE782X01033
AUTOAXLES,INE449A01011
LAOPALA,INE059D01020
DCXINDIA,INE0KL801015
HINDWAREAP,INE05AN01011
JAYKAY,INE903A01025
INDOCO,INE873D01024
WINDMACHIN,INE052A01021
SOLARWORLD,INE0TY101024
TAJGVK,INE586B01026
NITCO,INE858F01012
SIRCA,INE792Z01011
VIKRAN,INE01R501028
KALAMANDIR,INE438K01021
VSSL,INE050M01012
KRSNAA,INE08LI01020
SDBL,INE480C01038
CARYSIL,INE482D01024
TCIEXP,INE586V01016
KCP,INE805C01028
BEPL,INE922A01025
KMEW,INE0CJD01029
XPROINDIA,INE445C01015
HATHWAY,INE982F01036
REPCOHOME,INE612J01015
ADFFOODS,INE982B01027
UNIVCABLES,INE279A01012
PANACEABIO,INE922B01023
GRMOVER,INE192H01020
DIAMONDYD,INE393P01035
CAPACITE,INE264T01014
ROSSTECH,INE0OJW01016
FILATEX,INE816B01035
JINDALPOLY,INE197D01010
SMSPHARMA,INE812G01025
MONARCH,INE903D01011
TASTYBITE,INE488B01017
AEROFLEX,INE024001021
HGS,INE170I01016
JAICORPLTD,INE070D01027
MOLDTKPAC,INE893J01029
COSMOFIRST,INE757A01017
PFS,INE560K01014
MBEL,INE08N601015
BAJEL,INE0KQN01018
KSHINTL,INE987S01020
INSECTICID,INE070I01018
SHALBY,INE597J01018
NDRAUTO,INE07OG01012
FINOPB,INE02NC01014
ORIENTHOT,INE750A01020
STYLEBAAZA,INE01FR01028
SCILAL,INE0PB301013
NILKAMAL,INE310A01015
LANDMARK,INE559R01029
EIHAHOTELS,INE276C01014
IPL,INE0D6701023
SUMMITSEC,INE519C01017
SEAMECLTD,INE497B01018
MAYURUNIQ,INE040D01038
RML,INE050H01012
YATRA,INE0JR601024
STEELCAS,INE124E01038
GENESYS,INE727B01026
GVPIL,INE878A01011
SOLARA,INE624Z01016
KICL,INE029L01018
SPECTRUM,INE01EO01010
SULA,INE142Q01026
SIMPLEXINF,INE059B01024
SGFIN,INE618R01015
CANTABIL,INE068L01024
SYSTMTXC,INE356B01024
DELTACORP,INE124G01033
STUDDS,INE00Q601028
SASKEN,INE231F01020
SANGAMIND,INE495C01010
RANEHOLDIN,INE384A01010
HINDOILEXP,INE345A01011
STOVEKRAFT,INE00IN01015
GEOJITFSL,INE007B01023
IDEAFORGE,INE349Y01013
RPTECH,INE0J1F01024
ACCELYA,INE793A01012
VENKEYS,INE398A01010
TIL,INE806C01018
YASHO,INE616Z01012
WEL,INE02WG01024
DOLLAR,INE325C01035
INDIANHUME,INE323C01030
DREDGECORP,INE506A01018
MOL,INE0CT101020
DCW,INE500A01029
UGROCAP,INE583D01011
THEJO,INE121N01019
HITECH,INE106T01025
MANGLMCEM,INE347A01017
AMRUTANJAN,INE098F01031
SHRINGARMS,INE1B3L01017
WHEELS,INE715A01015
APCOTEXIND,INE116A01032
GMBREW,INE075D01018
VERANDA,INE0IQ001011
PIXTRANS,INE751B01018
MOBIKWIK,INE0HLU01028
UNIPARTS,INE244O01017
WAAREEINDO,INE866K01023
RAJRATAN,INE451D01029
EXICOM,INE777F01014
INDNIPPON,INE092B01025
VINCOFE,INE498Q01014
MUKANDLTD,INE304A01026
SOMANYCERA,INE355A01028
DYCL,INE600Y01019
NELCO,INE045B01015
DIVGIITTS,INE753U01022
MSPL,INE752G01015
KERNEX,INE202H01019
NITINSPIN,INE229H01012
BGRENERGY,INE661I01014
WINDLAS,INE0H5O01029
RAMCOSYS,INE246B01019
SPAL,INE212I01016
GTLINFRA,INE221H01019
NIBE,INE149O01018
SPIC,INE147A01011
LAXMIDENTL,INE0WO601020
ASALCBR,INE073G01016
SPANDANA,INE572J01011
PANAMAPET,INE305C01029
INDOTECH,INE332H01014
ALLTIME,INE0GV601021
VIDHIING,INE632C01026
RHETAN,INE0KKN01029
WENDT,INE274C01019
UNITECH,INE694A01020
RMDRIP,INE219Y01026
MOTISONS,INE0FRK01020
DEEDEV,INE841L01016
SEPC,INE964H01014
ADOR,INE045A01017
GARUDA,INE0JVO01026
VINDHYATEL,INE707A01012
PRECAM,INE484I01029
ASTEC,INE563J01010
BETA,INE351Y01019
FUSION,INE139R01012
TALBROAUTO,INE187D01029
IFGLEXPOR,INE133Y01011
BLSE,INE0NLT01010
BFINVEST,INE878K01010
NAVKARCORP,INE278M01019
SPMLINFRA,INE937A01023
JYOTISTRUC,INE197A01024
JGCHEM,INE0MB501011
GOCLCORP,INE077F01035
HUHTAMAKI,INE275B01026
QUICKHEAL,INE306L01010
PNBGILTS,INE859A01011
JINDRILL,INE742C01031
DLINKINDIA,INE250K01012
BLISSGVS,INE416D01022
SANSTAR,INE08NE01025
EXPLEOSOL,INE201K01015
SESHAPAPER,INE630A01024
DEN,INE947J01015
TTKHLTCARE,INE910C01018
DAMCAPITAL,INE284H01025
ARMANFIN,INE109C01017
ARIHANTSUP,INE643K01018
SATIN,INE836B01017
RAMASTEEL,INE230R01035
DOLPHIN,INE920A01037
RAJOOENG,INE535F01024
STANLEY,INE01A001028
MUFIN,INE08KJ01020
JNKINDIA,INE0OAF01028
TARSONS,INE144Z01023
HIMATSEIDE,INE049A01027
SOLEX,INE880Y01017
MMFL,INE227C01017
UDS,INE851I01011
SYNCOMF,INE312C01025
IGARASHI,INE188B01013
TINNARUBR,INE015C01016
GREENPOWER,INE999K01014
PUNJABCHEM,INE277B01014
SURAKSHA,INE877V01027
APOLLOPIPE,INE126J01016
SHANTIGOLD,INE06ZD01017
MASTERTR,INE677D01037
IKIO,INE0LOJ01019
AWHCL,INE01BK01022
STALLION,INE0RYC01010
LGHL,INE258Y01016
ECOSMOBLTY,INE06HJ01020
JAGRAN,INE199G01027
RUPA,INE895B01021
OMAXE,INE800H01010
SHRIRAMPPS,INE217L01019
IVALUE,INE056801025
HESTERBIO,INE782E01017
FINKURVE,INE734I01027
QUADFUTURE,INE0LRY01011
HMAAGRO,INE0ECP01024
JAGSNPHARM,INE048B01035
PLATIND,INE0PT501018
ORIENTTECH,INE0PPK01015
EKC,INE184H01027
ANDHRAPAP,INE435A01051
SALASAR,INE170V01027
ESAFSFB,INE818W01011
CONFIPET,INE552D01024
SMCGLOBAL,INE103C01036
CENTRUM,INE660C01027
DOLATALGO,INE966A01022
ROTO,INE535D01037
NIITLTD,INE161A01038
GPTINFRA,INE390G01014
SURYODAY,INE428Q01011
BIRLANU,INE557A01011
RISHABH,INE0N2P01017
PAUSHAKLTD,INE111F01024
ASIANENE,INE276G01015
GANDHAR,INE717W01049
EXCELINDUS,INE369A01029
BAJAJHCARE,INE411U01027
ALICON,INE062D01024
DCMSRIND,INE843D01027
CLSEL,INE419D01026
RAJRILTD,INE533D01032
INDORAMA,INE156A01020
PARACABLES,INE074B01023
VPRPL,INE0AE001013
SALZERELEC,INE457F01013
MANAKCOAT,INE830Q01018
SIGACHI,INE0D0K01022
INFOBEAN,INE344S01016
ALLDIGI,INE835G01018
BLKASHYAP,INE350H01032
SPORTKING,INE885H01029
GODAVARIB,INE497S01012
JARO,INE00YJ01010
SURAJEST,INE843S01025
CIFL,INE345H01024
UNIECOM,INE00U401027
MONTECARLO,INE950M01013
MADRASFERT,INE414A01015
HARIOMPIPE,INE00EV01017
DECCANCE,INE583C01021
SHANKARA,INE274V01019
GNA,INE934S01014
RIIL,INE046A01015
SUMEETINDS,INE235C01036
IMPAL,INE547E01014
IGPL,INE204A01010
RGL,INE722H01024
BSHSL,INE032Z01020
SHREDIGCEM,INE232A01011
SIGNPOST,INE0KGZ01021
BALAJITELE,INE794B01026
HITECHGEAR,INE127B01011
ATULAUTO,INE951D01028
AGARIND,INE204E01012
YUKEN,INE384C01016
DIFFNKG,INE184O01015
ONEPOINT,INE840Y01029
CAPITALSFB,INE646H01017
ASIANTILES,INE022I01019
RICOAUTO,INE209B01025
AURUM,INE898S01029
ADVENTHTL,INE28GN01010
BUTTERFLY,INE295F01017
FAZE3Q,INE963C01033
MICEL,INE287C01037
BHARATWIRE,INE316L01019
VASCONEQ,INE893I01013
WALCHANNAG,INE711A01022
TEXINFRA,INE435C01024
WCIL,INE0CJF01024
HERANBA,INE694N01015
BOROSCI,INE02L001032
GPTHEALTH,INE486R01017
IRMENERGY,INE07U701015
SHREEPUSHK,INE712K01011
MEIL,INE0PKD01011
GTPL,INE869I01013
ROHLTD,INE283H01019
VHL,INE701A01023
DSSL,INE417B01040
TBZ,INE760L01018
BAJAJINDEF,INE0O9T01021
STLNETWORK,INE1VXE01018
WEALTH,INE658T01017
CONTROLPR,INE663B01015
JINDALPHOT,INE796G01012
ELECTHERM,INE822G01016
ABINFRA,INE00YB01025
SRM,INE0R6Z01013
KROSS,INE0O6601022
AMNPLST,INE275D01022
ZUARI,INE840M01016
STEELXIND,INE503B01021
ICEMAKE,INE520Y01019
KELLTONTEC,INE164B01030
RACLGEAR,INE704B01017
BLUSPRING,INE0U4101014
PASHUPATI,INE124Y01028
MANALIPETC,INE201A01024
DVL,INE477B01010
KRISHNADEF,INE0J5601015
BCLIND,INE412G01024
DPSCLTD,INE360C01024
NELCAST,INE189I01024
EIMCOELECO,INE158B01016
OAL,INE959C01023
STERTOOLS,INE334A01023
GRPLTD,INE137I01015
GEMAROMA,INE06XZ01023
EXCELSOFT,INE606N01019
PROSTARM,INE0BX301013
IZMO,INE848A01014
ANTELOPUS,INE818A01017
MATRIMONY,INE866R01028
SWELECTES,INE409B01013
PDMJEPAPER,INE865T01018
AYMSYNTEX,INE193B01039
OMINFRAL,INE239D01028
RNBDENIMS,INE012Q01039
VIDYAWIRES,INE14UN01029
5PAISA,INE618L01018
PENINLAND,INE138A01028
BIL,INE828A01016
MAMATA,INE0TO701015
AFSL,INE00ZE01026
ESTER,INE778B01029
TNPL,INE107A01015
GANESHCP,INE652V01016
AVTNPL,INE488D01021
KOKUYOCMLN,INE760A01029
MAXIND,INE0CG601016
ANDHRSUGAR,INE715B01021
CREST,INE559D01011
LINCOLN,INE405C01035
THEMISMED,INE083B01024
CENTENKA,INE485A01015
ARIHANTCAP,INE420B01036
DHANBANK,INE680A01011
UNIENTER,INE037A01022
SCODATUBES,INE090501011
INDOFARM,INE622H01018
SBC,INE04AK01028
CEWATER,INE037Z01029
RADHIKAJWE,INE583V01021
GKWLIMITED,INE528A01020
NDTV,INE155G01029
INNOVANA,INE403Y01018
KHAICHEM,INE745B01028
FAIRCHEMOR,INE0DNW01011
AEROENTER,INE065D01027
INDOAMIN,INE760F01028
DHARMAJ,INE00OQ01016
BHARATSE,INE415D01024
GALAPREC,INE0RE001014
OSWALGREEN,INE143A01010
DENTA,INE0R4L01018
LEMERITE,INE0G1L01025
SRHHYPOLTD,INE917H01012
GANDHITUBE,INE524B01027
CNL,INE985W01018
FABTECH,INE0HF201011
UTTAMSUGAR,INE786F01031
XCHANGING,INE692G01013
KRISHIVAL,INE0GGO01015
JPOLYINVST,INE147P01019
OSWALAGRO,INE142A01012
MVGJL,INE0KNT01012
ADSL,INE102I01027
HEXATRADEX,INE750M01017
GULPOLY,INE255D01024
SILVERTUC,INE625X01026
JAYBARMARU,INE571B01036
KUANTUM,INE529I01021
TNPETRO,INE148A01019
GICHSGFIN,INE289B01019
PRIMESECU,INE032B01021
IFBAGRO,INE076C01018
BIRLAMONEY,INE865C01022
PVSL,INE772T01024
NCLIND,INE732C01016
ELIN,INE050401020
SKMEGGPROD,INE411D01023
VAKRANGEE,INE051B01021
ZUARIIND,INE217A01012
SAURASHCEM,INE626A01014
EVERESTIND,INE295A01018
LIKHITHA,INE060901027
REGAAL,INE0MHO01029
UFBL,INE382M01027
TVSELECT,INE236G01019
ABCOTS,INE08PH01015
MACPOWER,INE155Z01011
BESTAGRO,INE052T01021
TEMBO,INE869Y01010
VALIANTORG,INE565V01010
KABRAEXTRU,INE900B01029
ARROWGREEN,INE570D01018
DISHTV,INE836F01026
CCCL,INE429I01024
TVTODAY,INE038F01029
KOTHARIPET,INE720A01015
CHEMFAB,INE783X01023
SANDESH,INE583B01015
DHAMPURSUG,INE041A01016
ANUHPHR,INE489G01022
BLAL,INE0N7W01012
MAHASTEEL,INE451L01014
SVLL,INE00CE01017
VIVIANA,INE0MEG01014
SUYOG,INE442P01014
MUNJALAU,INE672B01032
AVADHSUGAR,INE349W01017
NGLFINE,INE887E01022
SNOWMAN,INE734N01019
DHUNINV,INE320L01011
JITFINFRA,INE863T01013
KRYSTAL,INE0QN801017
ORICONENT,INE730A01022
STEL,INE577L01016
SGIL,INE00QT01015
WANBURY,INE107F01022
CHEMCON,INE03YM01018
VLSFINANCE,INE709A01018
BHAGERIA,INE354C01027
ASAL,INE900C01027
ARFIN,INE784R01023
SARLAPOLY,INE453D01025
COFFEEDAY,INE335K01011
BIGBLOC,INE412U01025
GKSL,INE0V0W01025
AMBIKCO,INE540G01014
UNITEDPOLY,INE368U01029
VHLTD,INE048C01025
ADVANCE,INE1B0W01010
INDOBORAX,INE803D01021
RATNAVEER,INE05CZ01011
SAKAR,INE732S01012
ELDEHSG,INE668G01021
NINSYS,INE395U01014
MALLCOM,INE389C01015
BODALCHEM,INE338D01028
MUKKA,INE0CG401037
MUFTI,INE220Q01020
KAMATHOTEL,INE967C01018
SATIA,INE170E01023
DWARKESH,INE366A01041
KECL,INE134B01017
NAHARSPING,INE290A01027
KAMDHENU,INE390H01020
RITCO,INE01EG01016
APEX,INE346W01013
KOPRAN,INE082A01010
MAGADSUGAR,INE347W01011
ATL,INE0NN701020
PATELRMART,INE0R8B01010
20MICRONS,INE144J01027
RUBYMILLS,INE301D01026
GHCLTEXTIL,INE0PA801013
PROZONER,INE195N01013
STCINDIA,INE655A01013
TREL,INE0O3901029
LINC,INE802B01027
KSOLVES,INE0D6I01023
LAXMIINDIA,INE06WU01026
GEECEE,INE916G01016
RUSHIL,INE573K01025
NBIFIN,INE365I01020
HLVLTD,INE102A01024
THEINVEST,INE924D01017
PVP,INE362A01016
PPL,INE050001010
RSWM,INE611A01016
DMCC,INE505A01010
SHIVALIK,INE788J01021
RKSWAMY,INE0NQ801033
NAHARPOLY,INE308A01027
VENUSREM,INE411B01019
SUBEXLTD,INE754A01055
SARVESHWAR,INE324X01026
REPRO,INE461B01014
ZEEMEDIA,INE966H01019
SEJALLTD,INE955I01044
GLOSTERLTD,INE350Z01018
MINDTECK,INE110B01017
AHCL,INE0Y8W01025
NRAIL,INE740D01017
HARDWYN,INE626Z01029
DREAMFOLKS,INE0JS101016
ONWARDTEC,INE229A01017
SHREERAMA,INE879A01019
ACL,INE666E01020
JAYAGROGN,INE785A01026
APTECHT,INE266F01018
MANBA,INE939X01013
MAANALU,INE215I01027
EMKAY,INE296H01011
URJA,INE550C01020
IRIS,INE864K01010
VISAKAIND,INE392A01021
MODIS,INE0L0L01012
MMP,INE511Y01018
HINDCOMPOS,INE310C01029
PARSVNATH,INE561H01026
ENIL,INE265F01028
PAKKA,INE551D01018
GFLLIMITED,INE538A01037
MENONBE,INE071D01033
CSLFINANCE,INE718F01018
GCSL,INE199P01028
CHEVIOT,INE974B01016
SCHAND,INE807K01035
KILITCH,INE729D01010
KRITI,INE479D01038
DBEIL,INE0OPA01027
INDSWFTLAB,INE915B01019
VERTOZ,INE188Y01031
FOODSIN,INE976E01023
SICALLOG,INE075B01020
MWL,INE0JYY01029
ASIANHOTNR,INE363A01022
GANESHBE,INE388A01029
IGCL,INE05J901018
BORANA,INE16SF01016
SHALPAINTS,INE849C01026
SBGLP,INE05ST01028
TOLINS,INE0RWQ01014
ONMOBILE,INE809I01019
GLOTTIS,INE0TQE01026
IRISDOREME,INE01GN01025
NILASPACES,INE00S901012
SILINV,INE923A01015
SPECIALITY,INE247M01014
OCCLLTD,INE0PK601023
SUTLEJTEX,INE645H01027
RPPINFRA,INE324L01013
PYRAMID,INE0MIS01010
PRIMO,INE607A01022
FOCUS,INE593W01028
TARACHAND,INE555Z01020
CONSOFINVT,INE025A01027
KRONOX,INE0ATZ01017
RADIANTCMS,INE855R01021
HMVL,INE871K01015
KAYA,INE587G01015
ESSARSHPNG,INE122M01019
INTLCONV,INE575C01027
EMAMIPAP,INE830C01026
ZODIAC,INE761Y01019
EIFFL,INE546V01010
DIGISPICE,INE927C01020
SURAJLTD,INE713C01016
MBLINFRA,INE912H01013
COMSYN,INE073V01015
PRECOT,INE283A01014
TPLPLASTEH,INE413G01022
RBZJEWEL,INE0PEQ01016
HILINFRA,INE00RL01028
RAMAPHO,INE809A01032
ORIENTPPR,INE592A01026
GVKPIL,INE251H01024
LIBERTSHOE,INE557B01019
KNAGRI,INE0KNW01016
BELLACASA,INE344T01014
BMWVENTLTD,INE965W01036
KAPSTON,INE542Z01028
ADVANIHOTR,INE199C01026
DBOL,INE0I3401014
TRACXN,INE0HMF01019
MUNJALSHOW,INE577A01027
SREEL,INE099F01013
ORBTEXP,INE231G01010
MAZDA,INE885E01042
GUJAPOLLO,INE826C01016
TRANSWORLD,INE757B01015
PTL,INE034D01049
AVONMORE,INE323B01024
WSI,INE100D01014
SUKHJITS,INE450E01029
MGEL,INE0APB01032
DONEAR,INE668D01028
TERASOFT,INE482B01010
MODISONLTD,INE737D01021
VINYLINDIA,INE250B01029
DICIND,INE303A01010
CPEDU,INE0P6P01016
EUROBOND,INE505V01016
MIRZAINT,INE771A01026
CLEDUCATE,INE201M01029
PAVNAIND,INE07S101038
SOFTTECH,INE728Z01015
NAHARINDUS,INE289A01011
CYBERTECH,INE214A01019
